{"top_corrs": {"claim_amount": 0.21624677633847317, "amount_bucket": 0.17336610234750247, "amount_log": 0.16675217774829842, "fraud_risk_score": 0.11839530245395823, "weekend_incident": 0.052293817386737274, "previous_claims": 0.03407714833061708}}