feature,importance
f_6,0.03632432432432429
f_0,0.030990990990990917
f_17,0.025801801801801784
f_13,0.01917117117117111
f_11,0.01859459459459456
f_16,0.013981981981981972
f_7,0.007063063063063013
f_12,0.00691891891891887
f_20,0.0067747747747746835
f_22,0.005189189189189114
f_14,0.004684684684684593
f_24,0.003315315315315237
f_1,0.003171171171171072
f_10,0.0014414414414413378
f_15,0.000216216216216103
