{"top_corr": {"home_win": 1.0, "away_rank": 0.19344448025831565, "home_form": 0.19163975838647415, "home_goals": 0.1382080955590882, "home_goals_avg": 0.12992611996038042, "draw": 0.01959004638034065, "home_rank": -0.15039503410174096, "away_goals_avg": -0.24956041918710087, "away_goals": -0.26883816471184646, "away_form": -0.27240978308271613}}