{
  "default_by_loan_purpose": {
    "Business": 0.4,
    "Car Purchase": 0.3099,
    "Debt Consolidation": 0.3889,
    "Education": 0.3611,
    "Home Improvement": 0.2055,
    "Medical": 0.4342,
    "Vacation": 0.2273
  },
  "default_by_home_ownership": {
    "Mortgage": 0.3036,
    "Own": 0.3659,
    "Rent": 0.3557
  },
  "default_by_employment_length": {
    "1-3 years": 0.3231,
    "10+ years": 0.3165,
    "3-5 years": 0.3411,
    "5-10 years": 0.3053,
    "< 1 year": 0.403
  },
  "default_by_state": {
    "AZ": 0.2414,
    "CA": 0.3529,
    "FL": 0.303,
    "GA": 0.2889,
    "IL": 0.4286,
    "MA": 0.2903,
    "MI": 0.3478,
    "NC": 0.3333,
    "NJ": 0.2903,
    "NY": 0.3889,
    "OH": 0.3261,
    "PA": 0.2759,
    "TX": 0.3333,
    "VA": 0.5,
    "WA": 0.3158
  },
  "top_correlations": {
    "income_to_loan": -0.28979747111603604,
    "risk_score": 0.2567495393044796,
    "loan_amount": 0.22196244742770505,
    "public_records": 0.196752550719678,
    "fico_score": -0.1689485613376008,
    "fico_bucket": -0.15716819950043928,
    "dti_bucket": 0.13240709373855822,
    "dti_ratio": 0.1292266820323266
  }
}