{
  "top_skus": {
    "sku_id": {
      "21": "SKU_0022",
      "7": "SKU_0008",
      "34": "SKU_0035",
      "30": "SKU_0031",
      "16": "SKU_0017",
      "35": "SKU_0036",
      "19": "SKU_0020",
      "31": "SKU_0032",
      "12": "SKU_0013",
      "6": "SKU_0007"
    },
    "product_name": {
      "21": "Beauty Item 22",
      "7": "Apparel Item 8",
      "34": "Apparel Item 35",
      "30": "Automotive Item 31",
      "16": "Automotive Item 17",
      "35": "Electronics Item 36",
      "19": "Food Item 20",
      "31": "Home Goods Item 32",
      "12": "Office Item 13",
      "6": "Sports Item 7"
    },
    "revenue": {
      "21": 103757888.52,
      "7": 91710394.03,
      "34": 68161942.63,
      "30": 48844764.98,
      "16": 43639337.96,
      "35": 40893012.48,
      "19": 36538522.02,
      "31": 35946146.4,
      "12": 35510927.36,
      "6": 34390130.02
    },
    "turnover_rate": {
      "21": 613.0588235294117,
      "7": 538.1015384615384,
      "34": 1198.489247311828,
      "30": 1112.0900900900901,
      "16": 397.76658476658474,
      "35": 2113.5,
      "19": 513.7107843137255,
      "31": 520.8205128205128,
      "12": 180.8251121076233,
      "6": 755.2321428571429
    }
  },
  "category_analysis": {
    "revenue": {
      "Apparel": 218763217.49,
      "Automotive": 118826769.51,
      "Beauty": 153945241.56,
      "Electronics": 189456696.13,
      "Food": 37776355.5,
      "Home Goods": 79868120.66,
      "Office": 47731457.6,
      "Sports": 95556114.65
    },
    "sku_count": {
      "Apparel": 6,
      "Automotive": 9,
      "Beauty": 6,
      "Electronics": 10,
      "Food": 2,
      "Home Goods": 5,
      "Office": 5,
      "Sports": 7
    },
    "avg_turnover": {
      "Apparel": 893.94,
      "Automotive": 312.38,
      "Beauty": 377.84,
      "Electronics": 816.94,
      "Food": 281.42,
      "Home Goods": 411.83,
      "Office": 254.39,
      "Sports": 810.13
    }
  }
}