{
  "top_revenue_corrs": {
    "unit_cost": 0.598385983061859,
    "unit_price": 0.6192035787500882,
    "lead_time_days": -0.10204690386541077,
    "reorder_point": 0.34913165653079026,
    "safety_stock": -0.0379766368040194,
    "current_stock": 0.3194987924055231,
    "is_seasonal": -0.11506677432311391,
    "rating": -0.04782206874474353
  }
}