{"top_corr": {"salary": 1.0, "salary_log": 0.9851749203867232, "experience_years": 0.43957073639216754, "age": 0.40555391618094744, "budget_millions": 0.2993657673279953, "headcount": 0.19950828102327503, "performance_score": 0.12790313928794367}}