{"top_corr": {"actual_delay_min": 1.0, "traffic_level": 0.5549401215802446, "on_time": -0.529537740753797, "base_time_min": 0.5146158692053296, "distance_km": 0.4889175663312329, "weather_severity": 0.4247424547888402, "driver_experience_years": -0.16341206985596213}}