{"top_corr": {"salary_millions": 1.0, "ppg": 0.6335917941545331, "efficiency": 0.5924113021623675, "minutes": 0.4674594487369658, "per_minute_pts": 0.2167827377119791, "apg": 0.10595780223122747}}